phi0,phi1,phi2
-9.381741991696912e-05,-0.03131713210555944,-0.058028899849642185
